"_id","measuretime","topic","payload.value","payload.value_units","payload.input","payload.subID","payload.unitID"
"ObjectId(""60606b525ebb635c20b5d687"")","2021-03-28T11:41:06.000Z","u4/302/energy","[246078,246070,234.27,0.12,10,30,30,0.2]","[""Wh"",""Ea+"",""V"",""A"",""W"",""VAR"",""VA"",""cosPhi""]",88,"prises1","modbus_rs485"
"ObjectId(""60606b525ebb635c20b5d688"")","2021-03-28T11:41:06.000Z","u4/302/energy","[7061178,7061170,234.1,0.78,110,150,180,0.61]","[""Wh"",""Ea+"",""V"",""A"",""W"",""VAR"",""VA"",""cosPhi""]",65,"prises2","modbus_rs485"
"ObjectId(""60606b525ebb635c20b5d689"")","2021-03-28T11:41:06.000Z","u4/302/energy","[3090025,3090020,233.94,0.28,40,50,70,0.62]","[""Wh"",""Ea+"",""V"",""A"",""W"",""VAR"",""VA"",""cosPhi""]",62,"prises3","modbus_rs485"
"ObjectId(""60606b535ebb635c20b5d68a"")","2021-03-28T11:41:07.000Z","irit2/366/energy","[533558,533550,234.3,0.09,10,20,20,0.53]","[""Wh"",""Ea+"",""V"",""A"",""W"",""VAR"",""VA"",""cosPhi""]",61,"main","modbus_rs485"
"ObjectId(""60606b555ebb635c20b5d68b"")","2021-03-28T11:41:09.000Z","u4/campusfab/luminosity",249,"lux",,57,"auto_2C76"
"ObjectId(""60606b575ebb635c20b5d68c"")","2021-03-28T11:41:11.000Z","u4/300/luminosity",205,"lux",100,"ilot1","inside"
"ObjectId(""60606b575ebb635c20b5d68d"")","2021-03-28T11:41:11.000Z","u4/300/luminosity",299,"lux",105,"ilot2","inside"
"ObjectId(""60606b575ebb635c20b5d68e"")","2021-03-28T11:41:11.000Z","u4/300/luminosity",703,"lux",110,"ilot3","inside"
"ObjectId(""60606b585ebb635c20b5d68f"")","2021-03-28T11:41:12.000Z","bu/tour_8etg/luminosity",2281,"lux",,"57","auto_a13a"
"ObjectId(""60606b5a5ebb635c20b5d690"")","2021-03-28T11:41:14.000Z","bu/hall/luminosity",17,"lux",,"57","auto_4c24"
"ObjectId(""60606b5b5ebb635c20b5d691"")","2021-03-28T11:41:15.000Z","irit2/366/humidity",31,"%r.H.",104,"ilot1","inside"
"ObjectId(""60606b5c5ebb635c20b5d692"")","2021-03-28T11:41:16.000Z","irit2/366/temperature",20.77,"celsius",103,"ilot1","inside"
"ObjectId(""60606b5c5ebb635c20b5d693"")","2021-03-28T11:41:16.000Z","irit2/366/co2",357,"ppm",105,"ilot1","inside"
"ObjectId(""60606b5d5ebb635c20b5d694"")","2021-03-28T11:41:17.000Z","u4/301/luminosity",1000,"lux",100,"ilot1","inside"
"ObjectId(""60606b5d5ebb635c20b5d695"")","2021-03-28T11:41:17.000Z","u4/301/luminosity",412,"lux",105,"ilot2","inside"
"ObjectId(""60606b5d5ebb635c20b5d696"")","2021-03-28T11:41:17.000Z","u4/301/luminosity",718,"lux",110,"ilot3","inside"
"ObjectId(""60606b5d5ebb635c20b5d697"")","2021-03-28T11:41:17.000Z","irit2/366/temperature",24.25,"celsius",,"24","auto_adc7"
"ObjectId(""60606b5d5ebb635c20b5d698"")","2021-03-28T11:41:17.000Z","bu/hall/luminosity",58,"lux",,"57","auto_d771"
"ObjectId(""60606b5e5ebb635c20b5d699"")","2021-03-28T11:41:18.000Z","bu/068/luminosity",82,"lux",,"57","auto_55a9"
"ObjectId(""60606b5e5ebb635c20b5d69a"")","2021-03-28T11:41:18.000Z","u4/300/energy","[0.57,0,33860.33,31.84,31.73,0]","[""m3/hr"",""kW"",""kWh"",""hot_degresC"",""cold_degresC"",""diff_degresC""]",1,"heaters","modbus_rs485"
"ObjectId(""60606b5e5ebb635c20b5d69b"")","2021-03-28T11:41:18.000Z","u4/300/energy","[2700436,2700430,233.71,0,0,0,0,0]","[""Wh"",""Ea+"",""V"",""A"",""W"",""VAR"",""VA"",""cosPhi""]",79,"lighting","modbus_rs485"
"ObjectId(""60606b5f5ebb635c20b5d69c"")","2021-03-28T11:41:19.000Z","irit2/160/luminosity",0,"lux",,"57","auto_1b73"
"ObjectId(""60606b615ebb635c20b5d69d"")","2021-03-28T11:41:21.000Z","irit2/366/luminosity",0,"lux",106,"ilot1","inside"
"ObjectId(""60606b625ebb635c20b5d69e"")","2021-03-28T11:41:22.000Z","irit2/460/temperature",21.83798,"celsius",,"64","auto_ea9c"
"ObjectId(""60606b625ebb635c20b5d69f"")","2021-03-28T11:41:22.000Z","irit2/460/humidity",38,"%r.H.",,"64","auto_ea9c"
"ObjectId(""60606b635ebb635c20b5d6a0"")","2021-03-28T11:41:23.000Z","u4/302/luminosity",994,"lux",100,"ilot1","inside"
"ObjectId(""60606b635ebb635c20b5d6a1"")","2021-03-28T11:41:23.000Z","u4/302/luminosity",77,"lux",105,"ilot2","inside"
"ObjectId(""60606b635ebb635c20b5d6a2"")","2021-03-28T11:41:23.000Z","u4/302/luminosity",187,"lux",110,"ilot3","inside"
"ObjectId(""60606b645ebb635c20b5d6a3"")","2021-03-28T11:41:24.000Z","bu/tour_8etg/temperature",26.5,"celsius",,"31","auto_a13a"
"ObjectId(""60606b645ebb635c20b5d6a4"")","2021-03-28T11:41:24.000Z","bu/tour_8etg/temperature",26.5463,"celsius",,"64","auto_a13a"
"ObjectId(""60606b645ebb635c20b5d6a5"")","2021-03-28T11:41:24.000Z","bu/hall/temperature",19.875,"celsius",,"31","auto_4c24"
"ObjectId(""60606b645ebb635c20b5d6a6"")","2021-03-28T11:41:24.000Z","bu/tour_8etg/humidity",43,"%r.H.",,"64","auto_a13a"
"ObjectId(""60606b665ebb635c20b5d6a7"")","2021-03-28T11:41:26.000Z","irit2/260/temperature",22.75,"celsius",,"31","auto_4c0b"
"ObjectId(""60606b665ebb635c20b5d6a8"")","2021-03-28T11:41:26.000Z","irit2/260/temperature",23.4682,"celsius",,"64","auto_4c0b"
"ObjectId(""60606b665ebb635c20b5d6a9"")","2021-03-28T11:41:26.000Z","u4/301/energy","[0.75,0,3787.88,30.88,30.78,0]","[""m3/hr"",""kW"",""kWh"",""hot_degresC"",""cold_degresC"",""diff_degresC""]",1,"heaters","modbus_rs485"
"ObjectId(""60606b665ebb635c20b5d6aa"")","2021-03-28T11:41:26.000Z","irit2/260/humidity",27,"%r.H.",,"64","auto_4c0b"
"ObjectId(""60606b665ebb635c20b5d6ab"")","2021-03-28T11:41:26.000Z","u4/301/energy","[1154373,1154370,234.26,0,0,0,0,0]","[""Wh"",""Ea+"",""V"",""A"",""W"",""VAR"",""VA"",""cosPhi""]",78,"lighting","modbus_rs485"
"ObjectId(""60606b6a5ebb635c20b5d6ac"")","2021-03-28T11:41:30.000Z","u4/campusfab/luminosity",250,"lux",,57,"auto_2C76"
"ObjectId(""60606b6b5ebb635c20b5d6ad"")","2021-03-28T11:41:31.000Z","u4/300/luminosity",205,"lux",100,"ilot1","inside"
"ObjectId(""60606b6b5ebb635c20b5d6ae"")","2021-03-28T11:41:31.000Z","u4/300/luminosity",298,"lux",105,"ilot2","inside"
"ObjectId(""60606b6b5ebb635c20b5d6af"")","2021-03-28T11:41:31.000Z","u4/300/luminosity",702,"lux",110,"ilot3","inside"
"ObjectId(""60606b6b5ebb635c20b5d6b0"")","2021-03-28T11:41:31.000Z","irit2/360/luminosity",0,"lux",,"57","auto_7e65"
"ObjectId(""60606b6b5ebb635c20b5d6b1"")","2021-03-28T11:41:31.000Z","irit2/366/luminosity",84,"lux",,"57","auto_adc7"
"ObjectId(""60606b6c5ebb635c20b5d6b2"")","2021-03-28T11:41:32.000Z","irit2/460/luminosity",0,"lux",,"57","auto_ea9c"
"ObjectId(""60606b6e5ebb635c20b5d6b3"")","2021-03-28T11:41:34.000Z","bu/111/luminosity",91,"lux",,"57","auto_61ca"
"ObjectId(""60606b6f5ebb635c20b5d6b4"")","2021-03-28T11:41:35.000Z","u4/301/humidity",30,"%r.H.",104,"ilot1","inside"
"ObjectId(""60606b6f5ebb635c20b5d6b5"")","2021-03-28T11:41:35.000Z","u4/301/humidity",32,"%r.H.",109,"ilot2","inside"
"ObjectId(""60606b6f5ebb635c20b5d6b6"")","2021-03-28T11:41:35.000Z","u4/301/humidity",30,"%r.H.",114,"ilot3","inside"
"ObjectId(""60606b705ebb635c20b5d6b7"")","2021-03-28T11:41:36.000Z","irit2/260/luminosity",0,"lux",,"57","auto_4c0b"
"ObjectId(""60606b715ebb635c20b5d6b8"")","2021-03-28T11:41:37.000Z","u4/301/luminosity",1000,"lux",100,"ilot1","inside"
"ObjectId(""60606b715ebb635c20b5d6b9"")","2021-03-28T11:41:37.000Z","u4/301/luminosity",412,"lux",105,"ilot2","inside"
"ObjectId(""60606b715ebb635c20b5d6ba"")","2021-03-28T11:41:37.000Z","u4/301/luminosity",718,"lux",110,"ilot3","inside"
"ObjectId(""60606b715ebb635c20b5d6bb"")","2021-03-28T11:41:37.000Z","u4/302/energy","[0.87,1.38,7769.22,29.87,28.49,1.4]","[""m3/hr"",""kW"",""kWh"",""hot_degresC"",""cold_degresC"",""diff_degresC""]",1,"chauffage","modbus_rs485"
"ObjectId(""60606b715ebb635c20b5d6bc"")","2021-03-28T11:41:37.000Z","irit2/366/energy","[533558,533550,233.69,0.09,10,20,20,0.53]","[""Wh"",""Ea+"",""V"",""A"",""W"",""VAR"",""VA"",""cosPhi""]",61,"main","modbus_rs485"
"ObjectId(""60606b725ebb635c20b5d6bd"")","2021-03-28T11:41:38.000Z","u4/302/energy","[246078,246070,233.95,0.12,10,30,30,0.18]","[""Wh"",""Ea+"",""V"",""A"",""W"",""VAR"",""VA"",""cosPhi""]",88,"prises1","modbus_rs485"
"ObjectId(""60606b725ebb635c20b5d6be"")","2021-03-28T11:41:38.000Z","u4/302/energy","[7061179,7061170,233.58,0.78,110,140,180,0.61]","[""Wh"",""Ea+"",""V"",""A"",""W"",""VAR"",""VA"",""cosPhi""]",65,"prises2","modbus_rs485"
"ObjectId(""60606b725ebb635c20b5d6bf"")","2021-03-28T11:41:38.000Z","u4/302/energy","[3090026,3090020,233.23,0.28,40,50,60,0.62]","[""Wh"",""Ea+"",""V"",""A"",""W"",""VAR"",""VA"",""cosPhi""]",62,"prises3","modbus_rs485"
"ObjectId(""60606b725ebb635c20b5d6c0"")","2021-03-28T11:41:38.000Z","u4/301/co2",416,"ppm",102,"ilot1","inside"
"ObjectId(""60606b725ebb635c20b5d6c1"")","2021-03-28T11:41:38.000Z","u4/301/co2",84,"ppm",107,"ilot2","inside"
"ObjectId(""60606b725ebb635c20b5d6c2"")","2021-03-28T11:41:38.000Z","u4/301/co2",281,"ppm",112,"ilot3","inside"
"ObjectId(""60606b755ebb635c20b5d6c3"")","2021-03-28T11:41:41.000Z","irit2/366/luminosity",0,"lux",106,"ilot1","inside"
"ObjectId(""60606b765ebb635c20b5d6c4"")","2021-03-28T11:41:42.000Z","u4/301/temperature",23.1,"celsius",103,"ilot1","inside"
"ObjectId(""60606b765ebb635c20b5d6c5"")","2021-03-28T11:41:42.000Z","u4/301/temperature",23,"celsius",108,"ilot2","inside"
"ObjectId(""60606b765ebb635c20b5d6c6"")","2021-03-28T11:41:42.000Z","u4/301/temperature",22.86,"celsius",113,"ilot3","inside"
"ObjectId(""60606b765ebb635c20b5d6c7"")","2021-03-28T11:41:42.000Z","irit2/366/airquality",245102048,"ohm",,"CP1","lcc_sensor_1a81"
"ObjectId(""60606b765ebb635c20b5d6c8"")","2021-03-28T11:41:42.000Z","irit2/366/airquality",12471910,"ohm",,"CP2","lcc_sensor_1a81"
"ObjectId(""60606b765ebb635c20b5d6c9"")","2021-03-28T11:41:42.000Z","irit2/366/airquality",14283633,"ohm",,"CP3","lcc_sensor_1a81"
"ObjectId(""60606b765ebb635c20b5d6ca"")","2021-03-28T11:41:42.000Z","irit2/366/airquality",8005041.5,"ohm",,"CP4","lcc_sensor_1a81"
"ObjectId(""60606b775ebb635c20b5d6cb"")","2021-03-28T11:41:43.000Z","bu/tour_8etg/luminosity",2265,"lux",,"57","auto_a13a"
"ObjectId(""60606b775ebb635c20b5d6cc"")","2021-03-28T11:41:43.000Z","u4/302/luminosity",994,"lux",100,"ilot1","inside"
"ObjectId(""60606b775ebb635c20b5d6cd"")","2021-03-28T11:41:43.000Z","u4/302/luminosity",75,"lux",105,"ilot2","inside"
"ObjectId(""60606b775ebb635c20b5d6ce"")","2021-03-28T11:41:43.000Z","u4/302/luminosity",189,"lux",110,"ilot3","inside"
"ObjectId(""60606b795ebb635c20b5d6cf"")","2021-03-28T11:41:45.000Z","bu/hall/luminosity",17,"lux",,"57","auto_4c24"
"ObjectId(""60606b795ebb635c20b5d6d0"")","2021-03-28T11:41:45.000Z","irit2/360/temperature",22.375,"celsius",,"31","auto_7e65"
"ObjectId(""60606b795ebb635c20b5d6d1"")","2021-03-28T11:41:45.000Z","irit2/360/temperature",23.245,"celsius",,"69","auto_7e65"
"ObjectId(""60606b795ebb635c20b5d6d2"")","2021-03-28T11:41:45.000Z","irit2/360/humidity",31,"%r.H.",,"69","auto_7e65"
"ObjectId(""60606b795ebb635c20b5d6d3"")","2021-03-28T11:41:45.000Z","irit2/366/humidity",31,"%r.H.",104,"ilot1","inside"
"ObjectId(""60606b795ebb635c20b5d6d4"")","2021-03-28T11:41:45.000Z","1cn/rooma/temperature",22.625,"celsius",,"24","auto_4e24"
"ObjectId(""60606b795ebb635c20b5d6d5"")","2021-03-28T11:41:45.000Z","1cn/rooma/temperature",24.135,"celsius",,"69","auto_4e24"
"ObjectId(""60606b795ebb635c20b5d6d6"")","2021-03-28T11:41:45.000Z","1cn/rooma/humidity",26,"%r.H.",,"69","auto_4e24"
"ObjectId(""60606b7a5ebb635c20b5d6d7"")","2021-03-28T11:41:46.000Z","irit2/366/temperature",20.87,"celsius",103,"ilot1","inside"
"ObjectId(""60606b7a5ebb635c20b5d6d8"")","2021-03-28T11:41:46.000Z","irit2/366/co2",340,"ppm",105,"ilot1","inside"
"ObjectId(""60606b7b5ebb635c20b5d6d9"")","2021-03-28T11:41:47.000Z","u4/302/temperature",20.16,"celsius",103,"ilot1","inside"
"ObjectId(""60606b7b5ebb635c20b5d6da"")","2021-03-28T11:41:47.000Z","u4/302/temperature",19.99,"celsius",108,"ilot2","inside"
"ObjectId(""60606b7b5ebb635c20b5d6db"")","2021-03-28T11:41:47.000Z","u4/302/temperature",20.09,"celsius",113,"ilot3","inside"
"ObjectId(""60606b7b5ebb635c20b5d6dc"")","2021-03-28T11:41:47.000Z","u4/302/humidity",36,"%r.H.",104,"ilot1","inside"
"ObjectId(""60606b7b5ebb635c20b5d6dd"")","2021-03-28T11:41:47.000Z","u4/302/humidity",36,"%r.H.",109,"ilot2","inside"
"ObjectId(""60606b7b5ebb635c20b5d6de"")","2021-03-28T11:41:47.000Z","u4/302/co2",248,"ppm",102,"ilot1","inside"
"ObjectId(""60606b7b5ebb635c20b5d6df"")","2021-03-28T11:41:47.000Z","u4/302/humidity",35,"%r.H.",114,"ilot3","inside"
"ObjectId(""60606b7b5ebb635c20b5d6e0"")","2021-03-28T11:41:47.000Z","u4/302/co2",117,"ppm",107,"ilot2","inside"
"ObjectId(""60606b7b5ebb635c20b5d6e1"")","2021-03-28T11:41:47.000Z","u4/302/co2",125,"ppm",112,"ilot3","inside"
"ObjectId(""60606b7c5ebb635c20b5d6e2"")","2021-03-28T11:41:48.000Z","bu/hall/luminosity",58,"lux",,"57","auto_d771"
"ObjectId(""60606b7d5ebb635c20b5d6e3"")","2021-03-28T11:41:49.000Z","bu/068/luminosity",82,"lux",,"57","auto_55a9"
"ObjectId(""60606b7d5ebb635c20b5d6e4"")","2021-03-28T11:41:49.000Z","bu/068/temperature",21.125,"celsius",,"31","auto_55a9"
"ObjectId(""60606b7e5ebb635c20b5d6e5"")","2021-03-28T11:41:50.000Z","irit2/160/luminosity",0,"lux",,"57","auto_1b73"
"ObjectId(""60606b7e5ebb635c20b5d6e6"")","2021-03-28T11:41:50.000Z","u4/300/energy","[0.58,0,33860.33,31.83,31.71,0]","[""m3/hr"",""kW"",""kWh"",""hot_degresC"",""cold_degresC"",""diff_degresC""]",1,"heaters","modbus_rs485"
"ObjectId(""60606b7e5ebb635c20b5d6e7"")","2021-03-28T11:41:50.000Z","u4/campusfab/luminosity",251,"lux",,57,"auto_2C76"
"ObjectId(""60606b7e5ebb635c20b5d6e8"")","2021-03-28T11:41:50.000Z","u4/300/energy","[2700436,2700430,233.98,0,0,0,0,0]","[""Wh"",""Ea+"",""V"",""A"",""W"",""VAR"",""VA"",""cosPhi""]",79,"lighting","modbus_rs485"
"ObjectId(""60606b7f5ebb635c20b5d6e9"")","2021-03-28T11:41:51.000Z","u4/300/luminosity",204,"lux",100,"ilot1","inside"
"ObjectId(""60606b7f5ebb635c20b5d6ea"")","2021-03-28T11:41:51.000Z","u4/300/luminosity",298,"lux",105,"ilot2","inside"
"ObjectId(""60606b7f5ebb635c20b5d6eb"")","2021-03-28T11:41:51.000Z","u4/300/luminosity",699,"lux",110,"ilot3","inside"
"ObjectId(""60606b805ebb635c20b5d6ec"")","2021-03-28T11:41:52.000Z","bu/111/temperature",23.25,"celsius",,"31","auto_61ca"
"ObjectId(""60606b855ebb635c20b5d6ed"")","2021-03-28T11:41:57.000Z","u4/301/luminosity",1000,"lux",100,"ilot1","inside"
"ObjectId(""60606b855ebb635c20b5d6ee"")","2021-03-28T11:41:57.000Z","u4/301/luminosity",413,"lux",105,"ilot2","inside"
"ObjectId(""60606b855ebb635c20b5d6ef"")","2021-03-28T11:41:57.000Z","u4/301/luminosity",718,"lux",110,"ilot3","inside"
"ObjectId(""60606b865ebb635c20b5d6f0"")","2021-03-28T11:41:58.000Z","u4/301/energy","[0.75,0,3787.88,30.88,30.73,0]","[""m3/hr"",""kW"",""kWh"",""hot_degresC"",""cold_degresC"",""diff_degresC""]",1,"heaters","modbus_rs485"
"ObjectId(""60606b865ebb635c20b5d6f1"")","2021-03-28T11:41:58.000Z","u4/301/energy","[1154373,1154370,234.45,0,0,0,0,0]","[""Wh"",""Ea+"",""V"",""A"",""W"",""VAR"",""VA"",""cosPhi""]",78,"lighting","modbus_rs485"
"ObjectId(""60606b865ebb635c20b5d6f2"")","2021-03-28T11:41:58.000Z","u4/302/luminosity",110,"w/m2",119,"ouest","outside"
"ObjectId(""60606b865ebb635c20b5d6f3"")","2021-03-28T11:41:58.000Z","irit2/160/temperature",23,"celsius",,"31","auto_1b73"
"ObjectId(""60606b865ebb635c20b5d6f4"")","2021-03-28T11:41:58.000Z","irit2/160/temperature",23.99373,"celsius",,"64","auto_1b73"
"ObjectId(""60606b875ebb635c20b5d6f5"")","2021-03-28T11:41:59.000Z","irit2/160/humidity",25,"%r.H.",,"64","auto_1b73"
"ObjectId(""60606b875ebb635c20b5d6f6"")","2021-03-28T11:41:59.000Z","u4/302/temperature",16.91,"celsius",117,"ouest","outside"
"ObjectId(""60606b875ebb635c20b5d6f7"")","2021-03-28T11:41:59.000Z","u4/302/humidity",37,"%r.H.",118,"ouest","outside"
"ObjectId(""60606b875ebb635c20b5d6f8"")","2021-03-28T11:41:59.000Z","u4/300/temperature",26.86,"celsius",103,"ilot1","inside"
"ObjectId(""60606b875ebb635c20b5d6f9"")","2021-03-28T11:41:59.000Z","u4/300/temperature",27.92,"celsius",108,"ilot2","inside"
"ObjectId(""60606b875ebb635c20b5d6fa"")","2021-03-28T11:41:59.000Z","u4/300/temperature",26.69,"celsius",113,"ilot3","inside"
"ObjectId(""60606b885ebb635c20b5d6fb"")","2021-03-28T11:42:00.000Z","u4/300/co2",301,"ppm",102,"ilot1","inside"
"ObjectId(""60606b885ebb635c20b5d6fc"")","2021-03-28T11:42:00.000Z","u4/300/humidity",30,"%r.H.",104,"ilot1","inside"
"ObjectId(""60606b885ebb635c20b5d6fd"")","2021-03-28T11:42:00.000Z","u4/300/humidity",34,"%r.H.",109,"ilot2","inside"
"ObjectId(""60606b885ebb635c20b5d6fe"")","2021-03-28T11:42:00.000Z","u4/300/co2",363,"ppm",107,"ilot2","inside"
"ObjectId(""60606b885ebb635c20b5d6ff"")","2021-03-28T11:42:00.000Z","u4/300/humidity",30,"%r.H.",114,"ilot3","inside"
"ObjectId(""60606b885ebb635c20b5d700"")","2021-03-28T11:42:00.000Z","u4/300/co2",463,"ppm",112,"ilot3","inside"
"ObjectId(""60606b895ebb635c20b5d701"")","2021-03-28T11:42:01.000Z","irit2/366/luminosity",0,"lux",106,"ilot1","inside"
"ObjectId(""60606b8a5ebb635c20b5d702"")","2021-03-28T11:42:02.000Z","irit2/360/luminosity",0,"lux",,"57","auto_7e65"
"ObjectId(""60606b8a5ebb635c20b5d703"")","2021-03-28T11:42:02.000Z","irit2/366/luminosity",84,"lux",,"57","auto_adc7"
"ObjectId(""60606b8b5ebb635c20b5d704"")","2021-03-28T11:42:03.000Z","irit2/460/luminosity",0,"lux",,"57","auto_ea9c"
"ObjectId(""60606b8b5ebb635c20b5d705"")","2021-03-28T11:42:03.000Z","u4/302/luminosity",994,"lux",100,"ilot1","inside"
"ObjectId(""60606b8b5ebb635c20b5d706"")","2021-03-28T11:42:03.000Z","u4/302/luminosity",80,"lux",105,"ilot2","inside"
"ObjectId(""60606b8b5ebb635c20b5d707"")","2021-03-28T11:42:03.000Z","u4/302/luminosity",188,"lux",110,"ilot3","inside"
"ObjectId(""60606b8c5ebb635c20b5d708"")","2021-03-28T11:42:04.000Z","bu/hall/temperature",22.125,"celsius",,"31","auto_d771"
"ObjectId(""60606b8d5ebb635c20b5d709"")","2021-03-28T11:42:05.000Z","bu/111/luminosity",91,"lux",,"57","auto_61ca"
"ObjectId(""60606b8e5ebb635c20b5d70a"")","2021-03-28T11:42:06.000Z","u4/300/luminosity",862,"w/m2",116,"east","outside"
"ObjectId(""60606b8f5ebb635c20b5d70b"")","2021-03-28T11:42:07.000Z","irit2/260/luminosity",0,"lux",,"57","auto_4c0b"
"ObjectId(""60606b905ebb635c20b5d70c"")","2021-03-28T11:42:08.000Z","irit2/366/energy","[533558,533550,234.32,0.09,10,20,20,0.52]","[""Wh"",""Ea+"",""V"",""A"",""W"",""VAR"",""VA"",""cosPhi""]",61,"main","modbus_rs485"
"ObjectId(""60606b915ebb635c20b5d70d"")","2021-03-28T11:42:09.000Z","u4/302/energy","[0.88,1.4,7769.24,29.86,28.47,1.39]","[""m3/hr"",""kW"",""kWh"",""hot_degresC"",""cold_degresC"",""diff_degresC""]",1,"chauffage","modbus_rs485"
"ObjectId(""60606b915ebb635c20b5d70e"")","2021-03-28T11:42:09.000Z","u4/302/energy","[246078,246070,234.33,0.12,10,30,30,0.19]","[""Wh"",""Ea+"",""V"",""A"",""W"",""VAR"",""VA"",""cosPhi""]",88,"prises1","modbus_rs485"
"ObjectId(""60606b925ebb635c20b5d70f"")","2021-03-28T11:42:10.000Z","u4/302/energy","[7061180,7061180,233.99,0.78,110,140,180,0.61]","[""Wh"",""Ea+"",""V"",""A"",""W"",""VAR"",""VA"",""cosPhi""]",65,"prises2","modbus_rs485"
"ObjectId(""60606b925ebb635c20b5d710"")","2021-03-28T11:42:10.000Z","u4/302/energy","[3090026,3090020,233.65,0.28,40,50,70,0.61]","[""Wh"",""Ea+"",""V"",""A"",""W"",""VAR"",""VA"",""cosPhi""]",62,"prises3","modbus_rs485"
"ObjectId(""60606b925ebb635c20b5d711"")","2021-03-28T11:42:10.000Z","u4/campusfab/luminosity",251,"lux",,57,"auto_2C76"
"ObjectId(""60606b935ebb635c20b5d712"")","2021-03-28T11:42:11.000Z","u4/300/luminosity",205,"lux",100,"ilot1","inside"
"ObjectId(""60606b935ebb635c20b5d713"")","2021-03-28T11:42:11.000Z","u4/300/luminosity",297,"lux",105,"ilot2","inside"
"ObjectId(""60606b935ebb635c20b5d714"")","2021-03-28T11:42:11.000Z","u4/300/luminosity",700,"lux",110,"ilot3","inside"
"ObjectId(""60606b965ebb635c20b5d715"")","2021-03-28T11:42:14.000Z","bu/tour_8etg/luminosity",2249,"lux",,"57","auto_a13a"
"ObjectId(""60606b975ebb635c20b5d716"")","2021-03-28T11:42:15.000Z","irit2/366/humidity",31,"%r.H.",104,"ilot1","inside"
"ObjectId(""60606b985ebb635c20b5d717"")","2021-03-28T11:42:16.000Z","bu/hall/luminosity",17,"lux",,"57","auto_4c24"
"ObjectId(""60606b985ebb635c20b5d718"")","2021-03-28T11:42:16.000Z","irit2/366/temperature",20.98,"celsius",103,"ilot1","inside"
"ObjectId(""60606b985ebb635c20b5d719"")","2021-03-28T11:42:16.000Z","irit2/366/co2",353,"ppm",105,"ilot1","inside"
"ObjectId(""60606b995ebb635c20b5d71a"")","2021-03-28T11:42:17.000Z","u4/301/luminosity",1000,"lux",100,"ilot1","inside"
"ObjectId(""60606b995ebb635c20b5d71b"")","2021-03-28T11:42:17.000Z","u4/301/luminosity",413,"lux",105,"ilot2","inside"
"ObjectId(""60606b995ebb635c20b5d71c"")","2021-03-28T11:42:17.000Z","u4/301/luminosity",721,"lux",110,"ilot3","inside"
"ObjectId(""60606b995ebb635c20b5d71d"")","2021-03-28T11:42:17.000Z","irit2/366/temperature",24.375,"celsius",,"24","auto_adc7"
"ObjectId(""60606b9b5ebb635c20b5d71e"")","2021-03-28T11:42:19.000Z","bu/hall/luminosity",58,"lux",,"57","auto_d771"
"ObjectId(""60606b9c5ebb635c20b5d71f"")","2021-03-28T11:42:20.000Z","bu/068/luminosity",82,"lux",,"57","auto_55a9"
"ObjectId(""60606b9d5ebb635c20b5d720"")","2021-03-28T11:42:21.000Z","irit2/160/luminosity",0,"lux",,"57","auto_1b73"
"ObjectId(""60606b9d5ebb635c20b5d721"")","2021-03-28T11:42:21.000Z","irit2/366/luminosity",1,"lux",106,"ilot1","inside"
"ObjectId(""60606b9d5ebb635c20b5d722"")","2021-03-28T11:42:21.000Z","u4/300/energy","[0.58,0,33860.33,31.82,31.7,0]","[""m3/hr"",""kW"",""kWh"",""hot_degresC"",""cold_degresC"",""diff_degresC""]",1,"heaters","modbus_rs485"
"ObjectId(""60606b9e5ebb635c20b5d723"")","2021-03-28T11:42:22.000Z","u4/300/energy","[2700436,2700430,233.75,0,0,0,0,0]","[""Wh"",""Ea+"",""V"",""A"",""W"",""VAR"",""VA"",""cosPhi""]",79,"lighting","modbus_rs485"
"ObjectId(""60606b9e5ebb635c20b5d724"")","2021-03-28T11:42:22.000Z","irit2/460/temperature",21.75218,"celsius",,"64","auto_ea9c"
"ObjectId(""60606b9e5ebb635c20b5d725"")","2021-03-28T11:42:22.000Z","irit2/460/humidity",37,"%r.H.",,"64","auto_ea9c"
"ObjectId(""60606b9f5ebb635c20b5d726"")","2021-03-28T11:42:23.000Z","u4/302/luminosity",994,"lux",100,"ilot1","inside"
"ObjectId(""60606b9f5ebb635c20b5d727"")","2021-03-28T11:42:23.000Z","u4/302/luminosity",74,"lux",105,"ilot2","inside"
"ObjectId(""60606b9f5ebb635c20b5d728"")","2021-03-28T11:42:23.000Z","u4/302/luminosity",191,"lux",110,"ilot3","inside"
"ObjectId(""60606ba05ebb635c20b5d729"")","2021-03-28T11:42:24.000Z","bu/tour_8etg/temperature",26.625,"celsius",,"31","auto_a13a"
"ObjectId(""60606ba05ebb635c20b5d72a"")","2021-03-28T11:42:24.000Z","bu/tour_8etg/temperature",26.6321,"celsius",,"64","auto_a13a"
"ObjectId(""60606ba05ebb635c20b5d72b"")","2021-03-28T11:42:24.000Z","bu/hall/temperature",19.875,"celsius",,"31","auto_4c24"
"ObjectId(""60606ba05ebb635c20b5d72c"")","2021-03-28T11:42:24.000Z","bu/tour_8etg/humidity",43,"%r.H.",,"64","auto_a13a"
"ObjectId(""60606ba25ebb635c20b5d72d"")","2021-03-28T11:42:26.000Z","irit2/260/temperature",22.625,"celsius",,"31","auto_4c0b"
"ObjectId(""60606ba25ebb635c20b5d72e"")","2021-03-28T11:42:26.000Z","irit2/260/temperature",23.35022,"celsius",,"64","auto_4c0b"
"ObjectId(""60606ba35ebb635c20b5d72f"")","2021-03-28T11:42:27.000Z","irit2/260/humidity",27,"%r.H.",,"64","auto_4c0b"
"ObjectId(""60606ba55ebb635c20b5d730"")","2021-03-28T11:42:29.000Z","u4/301/energy","[0.75,0,3787.88,30.85,30.71,0]","[""m3/hr"",""kW"",""kWh"",""hot_degresC"",""cold_degresC"",""diff_degresC""]",1,"heaters","modbus_rs485"
"ObjectId(""60606ba55ebb635c20b5d731"")","2021-03-28T11:42:29.000Z","u4/301/energy","[1154373,1154370,233.95,0,0,0,0,0]","[""Wh"",""Ea+"",""V"",""A"",""W"",""VAR"",""VA"",""cosPhi""]",78,"lighting","modbus_rs485"
"ObjectId(""60606ba75ebb635c20b5d732"")","2021-03-28T11:42:31.000Z","u4/300/luminosity",205,"lux",100,"ilot1","inside"
"ObjectId(""60606ba75ebb635c20b5d733"")","2021-03-28T11:42:31.000Z","u4/300/luminosity",295,"lux",105,"ilot2","inside"
"ObjectId(""60606ba75ebb635c20b5d734"")","2021-03-28T11:42:31.000Z","u4/300/luminosity",700,"lux",110,"ilot3","inside"
"ObjectId(""60606ba75ebb635c20b5d735"")","2021-03-28T11:42:31.000Z","u4/campusfab/luminosity",252,"lux",,57,"auto_2C76"
"ObjectId(""60606ba95ebb635c20b5d736"")","2021-03-28T11:42:33.000Z","irit2/360/luminosity",0,"lux",,"57","auto_7e65"
"ObjectId(""60606ba95ebb635c20b5d737"")","2021-03-28T11:42:33.000Z","irit2/366/luminosity",84,"lux",,"57","auto_adc7"
"ObjectId(""60606baa5ebb635c20b5d738"")","2021-03-28T11:42:34.000Z","irit2/460/luminosity",0,"lux",,"57","auto_ea9c"
"ObjectId(""60606bab5ebb635c20b5d739"")","2021-03-28T11:42:35.000Z","u4/301/humidity",30,"%r.H.",104,"ilot1","inside"
"ObjectId(""60606bab5ebb635c20b5d73a"")","2021-03-28T11:42:35.000Z","u4/301/humidity",32,"%r.H.",109,"ilot2","inside"
"ObjectId(""60606bab5ebb635c20b5d73b"")","2021-03-28T11:42:35.000Z","u4/301/humidity",30,"%r.H.",114,"ilot3","inside"
"ObjectId(""60606bac5ebb635c20b5d73c"")","2021-03-28T11:42:36.000Z","bu/111/luminosity",91,"lux",,"57","auto_61ca"
"ObjectId(""60606bad5ebb635c20b5d73d"")","2021-03-28T11:42:37.000Z","u4/301/luminosity",1000,"lux",100,"ilot1","inside"
"ObjectId(""60606bad5ebb635c20b5d73e"")","2021-03-28T11:42:37.000Z","u4/301/luminosity",414,"lux",105,"ilot2","inside"
"ObjectId(""60606bad5ebb635c20b5d73f"")","2021-03-28T11:42:37.000Z","u4/301/luminosity",720,"lux",110,"ilot3","inside"
"ObjectId(""60606bae5ebb635c20b5d740"")","2021-03-28T11:42:38.000Z","irit2/366/energy","[533558,533550,234.03,0.09,10,20,20,0.53]","[""Wh"",""Ea+"",""V"",""A"",""W"",""VAR"",""VA"",""cosPhi""]",61,"main","modbus_rs485"
"ObjectId(""60606bae5ebb635c20b5d741"")","2021-03-28T11:42:38.000Z","u4/301/co2",432,"ppm",102,"ilot1","inside"
"ObjectId(""60606bae5ebb635c20b5d742"")","2021-03-28T11:42:38.000Z","u4/301/co2",70,"ppm",107,"ilot2","inside"
"ObjectId(""60606bae5ebb635c20b5d743"")","2021-03-28T11:42:38.000Z","u4/301/co2",281,"ppm",112,"ilot3","inside"
"ObjectId(""60606bae5ebb635c20b5d744"")","2021-03-28T11:42:38.000Z","irit2/260/luminosity",0,"lux",,"57","auto_4c0b"